ein,irsClassification__assetAmount,Years_In_Opperation
200850212,13.0,18
203589685,30.0,15
237070234,13.0,52
237413017,576.0,44
263750673,381.0,13
364538203,786.0,18
450594639,30.0,13
521263436,426.0,40
522359003,60.0,20
570892070,187.0,26
581933712,156.0,30
581994417,421.0,30
591712184,3.0,45
621231591,418.0,21
621852946,14.0,20
630288816,50.0,57
630288846,1190.0,81
630302102,100.0,52
630302107,107.0,57
630302109,57.0,57
630302145,125.0,61
630307953,162.0,73
630307960,445.0,73
630321464,58.0,50
630330778,81.0,69
630340866,7.0,28
630350957,20.0,66
630351568,28.0,64
630358757,118.0,76
630358762,19.0,66
630360026,30.0,67
630366294,29.0,64
630375616,27.0,51
630416279,6.0,43
630439459,161.0,43
630463802,5.0,65
630475713,351.0,58
630498347,11.0,2
630624278,54.0,50
630644957,6.0,32
630652734,58.0,46
630735295,147.0,43
630753358,195.0,43
630760276,54.0,43
630776048,23.0,42
630800109,242.0,41
630801391,559.0,41
630809568,4.0,41
630813626,31.0,40
630817987,7.0,40
630818257,10.0,41
630821997,267.0,40
630842141,23.0,38
630882628,8.0,38
630907544,70.0,37
630931846,95.0,35
630948472,106.0,34
630951482,118.0,35
630962910,349.0,2
631030915,28.0,35
631050217,23.0,30
631103036,28.0,29
631106040,29.0,28
631135091,3366.0,27
631165579,8.0,26
631166618,10.0,25
631270745,79.0,20
636000270,28.0,41
133419755,231.0,35
237326856,63.0,49
920027948,123.0,61
920032812,21.0,54
920037322,333.0,76
920043991,8.0,46
920061466,154.0,45
920062992,25.0,45
920068684,79.0,44
920072522,101.0,43
920073175,188.0,43
920088266,62.0,39
920139738,50.0,29
920140434,56.0,35
920172389,15.0,22
926003642,8.0,45
926010379,10.0,47
201016258,387.0,17
202129318,79.0,17
223134995,48.0,30
237258102,23.0,49
237627149,154.0,57
351019477,3289.0,23
581881897,42.0,32
630738632,15.0,44
710236862,58.0,57
710236869,56.0,69
710254287,122.0,70
710265209,154.0,45
710296619,283.0,21
710305700,35.0,51
710329530,125.0,51
710348993,32.0,63
710356241,95.0,60
710391707,66.0,44
710394665,46.0,53
710415296,33.0,49
710445210,64.0,41
710471266,236.0,45
710480336,29.0,45
710525252,126.0,43
710540644,626.0,40
710596734,436.0,38
710629392,52.0,3
710653846,133.0,34
710666671,34.0,52
710680830,79.0,33
710704088,77.0,31
710753278,89.0,28
710810999,166.0,24
716059542,96.0,56
751645187,50.0,42
752671647,68.0,11
10565671,207.0,20
10566033,174.0,20
10574950,74.0,18
10679337,15296.0,20
20541202,17.0,20
20681855,38.0,19
20784790,541.0,16
30419743,270.0,20
43091431,407.0,32
43129839,86.0,27
43585301,29.0,20
43675191,5.0,20
43694151,129.0,19
50544006,191.0,17
61484961,19.0,25
61613235,30.0,21
100008533,44.0,19
112656357,28.0,39
113731839,19.0,17
113800306,141.0,15
132838167,6.0,46
133384027,303.0,33
133391210,231.0,31
133441742,13.0,34
133565420,48.0,28
133711840,38.0,25
141862549,128.0,19
141872081,15.0,19
150533551,148.0,85
200049703,1913.0,17
200067633,141.0,14
200097189,669.0,18
200103575,203.0,19
200147505,5.0,18
200315475,178.0,18
200427622,32.0,18
200443243,27.0,18
200471604,37.0,18
200677815,1095.0,17
200764162,203.0,18
200774693,15.0,18
200941177,4.0,17
201173824,208.0,18
201470992,176.0,17
201585919,9.0,17
201819852,4.0,17
202121739,613.0,17
202389388,18.0,17
202562494,80.0,16
202899240,15.0,16
202986926,73.0,17
203051279,14.0,8
203126288,2.0,17
203406211,12.0,16
203642040,169.0,16
203644441,151.0,16
203644749,36.0,14
204374795,389.0,16
204417327,131.0,16
204562686,77.0,16
205009512,5.0,16
205010527,174.0,15
205061316,48.0,15
205333261,15.0,15
205367752,25.0,15
205448416,36.0,15
205967513,7.0,15
208139201,39.0,15
208386654,23.0,15
222570926,96.0,35
222624532,103.0,37
222852248,46.0,34
237002878,83.0,53
237010825,37.0,53
237011877,132.0,53
237018125,40.0,53
237062028,161.0,52
237087774,742.0,58
237089113,16.0,51
237097680,49.0,51
237102690,145.0,51
237103042,120.0,51
237105149,238.0,51
237120567,11.0,51
237131784,196.0,51
237179787,164.0,50
237181456,114.0,50
237211881,86.0,50
237217027,74.0,50
237219508,8.0,49
237228287,507.0,50
237236986,85.0,49
237243474,44.0,50
237260718,23.0,49
237267769,18.0,49
237273488,5.0,49
237275324,63.0,49
237275342,122.0,49
237278002,265.0,49
237287150,4465.0,48
43622520,36.0,20
61693441,27.0,19
131548339,2459.0,70
131611981,81.0,62
134339865,34.0,14
161172380,49.0,40
200234163,487.0,19
200315238,578.0,18
200813566,46.0,18
204124164,40.0,16
204226894,10.0,16
204306888,73.0,16
204632248,315.0,16
204648043,145.0,16
204969731,35.0,15
205143175,370.0,15
205254885,50.0,15
208924520,89.0,15
232083226,16.0,43
232687791,44.0,30
232838716,19.0,26
237015336,16.0,53
237019679,111.0,53
237042291,285.0,53
237113221,10.0,51
237161796,52.0,40
237267983,169.0,48
237389749,49.0,48
237400293,20.0,48
260574783,47.0,15
261410596,13.0,14
261597530,57.0,13
262464764,30.0,14
263106566,22.0,13
270131388,29.0,15
311191922,19.0,35
311599581,11.0,24
330430285,10.0,27
330571309,10.0,29
331107506,58.0,17
352237155,33.0,17
362193619,141.0,68
362434228,27.0,63
362884730,6.0,45
363559944,22.0,33
364149349,21.0,19
364160878,16.0,24
381415401,188.0,70
421622670,144.0,18
430798771,234.0,58
460472149,13.0,20
466015501,112.0,41
471254119,35.0,6
510157964,5016.0,47
510173482,16.0,47
521573446,1434.0,33
521830873,11.0,29
541254491,511.0,38
541256309,25.0,37
542031102,28.0,21
542086318,10.0,19
550479715,20.0,64
561079122,10.0,47
592659856,268.0,36
593043334,11.0,30
611458290,169.0,18
650200163,13.0,32
680230597,9.0,27
680606330,24.0,17
680652444,15.0,15
731675486,18.0,12
742050021,503.0,43
742156871,252.0,41
742213629,119.0,39
742218129,12.0,40
742227731,164.0,40
742232576,6.0,40
742238462,16.0,40
742244146,595.0,40
742244826,111.0,39
742250374,28.0,39
742273004,52.0,39
742277668,78.0,39
742324052,512.0,38
742336171,243.0,38
742337853,28.0,38
742374672,42.0,37
742401941,20.0,36
742425914,160.0,34
742426085,77.0,36
742442032,13.0,34
742448346,78.0,35
742465141,34.0,34
742497109,19.0,34
742501356,19.0,34
742505406,96.0,34
742541265,69.0,33
742543881,248.0,33
20684220,71.0,19
42899862,184.0,36
42971480,230.0,30
43417472,24.0,32
60263565,654.0,64
60443990,305.0,84
60637319,103.0,73
60646577,116.0,80
60646578,52.0,81
60646609,25.0,76
60646622,146.0,72
60646634,46.0,79
60646653,336.0,88
60646655,300.0,77
60646691,233.0,70
60646761,50.0,69
60646793,128.0,57
60646911,148.0,68
60646971,189.0,83
60647025,165.0,56
60653111,1654.0,80
60653120,1114.0,84
60653158,11.0,68
60653262,16.0,60
60653531,641.0,80
60655482,105.0,73
60660003,39.0,85
60662112,700.0,88
60662198,162.0,85
60665170,27.0,72
60665972,44.0,28
60667605,1025.0,89
60685118,149.0,84
60692378,235.0,79
60699252,11251.0,80
60726487,4184.0,58
60740523,30.0,63
60758938,622.0,58
60771393,121.0,53
60789151,160.0,75
60790484,217.0,58
60841885,24.0,54
60847098,6.0,54
60850379,14.0,53
60862072,55.0,78
60864341,56.0,88
60870830,142.0,51
60884024,112.0,49
60923384,23.0,48
60939659,23.0,40
60955461,82.0,44
60983819,59.0,44
60987749,91.0,43
60990195,143.0,28
60994563,63.0,40
61008595,3804.0,43
61027885,150.0,41
61035622,1.0,41
61045653,55.0,41
61048684,172.0,40
61048713,97.0,41
61057497,28.0,40
61063025,383.0,40
61080097,1141.0,39
61130830,69.0,36
61135999,651.0,37
61144355,177.0,36
61157655,1448.0,35
61178712,40.0,35
61214680,61.0,35
61240574,114.0,33
61253049,92.0,35
61253091,30.0,33
61263947,69.0,33
61309318,17.0,31
61343149,9.0,30
61354978,489.0,29
61362705,124.0,28
61422234,537.0,26
61422248,72.0,27
61435280,14.0,27
61436718,36.0,26
61438889,40.0,26
61444222,18.0,26
61445929,11.0,26
61453500,20.0,24
61468129,53.0,25
61477711,323.0,25
61504413,733.0,24
61507648,131.0,24
61510744,26.0,24
61539280,75.0,23
61559393,47.0,23
61625278,157.0,20
66002281,781.0,79
66026005,342.0,88
66026012,642.0,88
66036049,241.0,65
66051610,91.0,52
66060478,208.0,32
236050131,205.0,68
237162877,25.0,50
260792594,22.0,15
510064315,489.0,77
510065733,204.0,57
510065746,532.0,87
510068712,450.0,83
510070531,1958.0,69
510073080,12.0,29
510073399,129.0,74
510078199,18.0,28
510082499,81.0,64
510083535,308.0,63
510116569,122.0,50
510209843,477.0,76
510258984,310.0,50
510265807,78.0,40
510294138,107.0,35
510295320,143.0,35
510298556,66.0,35
510317415,12.0,33
510410508,55.0,21
516017449,24.0,74
516018321,492.0,57
16004776,743.0,65
20767157,31.0,16
30391561,89.0,20
30445391,84.0,20
42200147,306.0,72
42688165,19.0,42
42693322,55.0,42
42730934,354.0,33
42751357,259.0,40
42764514,4.0,40
43265555,166.0,27
43608387,223.0,20
43706385,57.0,19
61389829,159.0,28
61540513,316.0,23
61597668,283.0,21
112494808,55.0,43
112724905,357.0,37
130433740,737.0,40
130552040,5347.0,69
131623838,193.0,70
131624103,982.0,50
131624241,6534.0,18
131641076,199.0,73
131776711,84.0,29
131878953,185.0,32
131945157,854.0,59
131946868,752.0,67
132508249,3.0,57
132522784,643.0,54
132603590,58.0,54
132700517,3.0,50
132899381,105.0,45
132943020,161.0,44
132966004,35.0,43
133065716,119.0,41
133100197,10.0,35
133281486,79.0,37
133287064,67.0,37
133509867,3.0,33
133537709,52.0,33
133619000,118.0,31
133798288,16.0,27
133840271,102.0,27
133843435,169.0,27
134174402,331.0,20
134358477,47.0,15
135655952,197.0,69
136223604,286.0,55
200587172,34.0,18
200927912,79.0,18
201115618,310.0,18
201326922,38.0,17
201350252,53.0,16
201727977,26.0,18
202029170,49.0,16
202714426,6.0,16
202777557,30.0,16
203272355,22.0,16
203676886,58.0,16
203895611,16.0,16
205845679,32.0,15
205946552,35.0,15
208084828,116.0,15
208827879,73.0,15
222127884,28.0,42
232062595,13.0,18
236276526,27.0,92
237000150,173.0,53
237026895,556.0,51
237035089,544.0,53
237059731,6.0,52
237098123,1161.0,51
237116952,52.0,51
237122879,261.0,51
237124915,279.0,49
237133957,736.0,50
237185827,82.0,50
237200739,110.0,50
237245152,842.0,50
237268143,52.0,49
237284092,968.0,49
237305963,202.0,38
237323629,87.0,48
237327730,3813.0,49
237343119,3928.0,48
237380554,74.0,48
237394104,32.0,48
237420574,164.0,48
237420660,159.0,48
237432162,1038.0,47
237439790,48.0,47
237447365,6.0,47
260006579,28.0,20
260273675,24.0,14
260587238,286.0,15
261270198,13.0,11
261587829,59.0,13
10687133,185.0,20
10694045,23.0,19
20806313,86.0,14
61765327,317.0,16
112306416,17.0,46
113662240,38.0,19
113704163,83.0,19
136218184,3.0,55
141849798,13.0,20
200205035,23.0,19
200217681,29.0,18
200345249,330.0,19
200898587,26.0,18
200901011,13.0,16
201048322,108.0,17
202370934,4509.0,17
202778895,28.0,15
203390218,29.0,16
203588745,161.0,15
208077416,65.0,15
208490916,21.0,15
208618412,52.0,15
231365190,237.0,74
237039993,99.0,51
237060561,251.0,52
237065187,105.0,52
237078212,658.0,23
237086391,60.0,52
237089047,280.0,52
237125177,61.0,50
237181560,90.0,50
237199063,25.0,49
237208280,212.0,47
237231048,230.0,46
237271040,64.0,49
237275283,69.0,49
237303117,909.0,49
237323006,33.0,22
237362760,466.0,48
237363275,37.0,43
237365001,302.0,46
237376943,48.0,46
251298611,541.0,46
260073580,2.0,18
260770655,29.0,15
260789229,36.0,13
264084871,24.0,13
273025707,47.0,12
274345913,173.0,6
275219467,332.0,11
300337745,41.0,17
300339531,0.0,16
300602348,14.0,12
311579097,39.0,24
311713631,101.0,22
330901290,8.0,22
341405849,4.0,37
362193608,108773.0,85
383674666,149.0,19
411306908,19.0,45
431170717,3.0,42
453798803,24.0,10
521127259,6.0,44
521183585,1754.0,27
521614576,223.0,33
522121856,10.0,23
522351630,80.0,20
522372998,4.0,19
541784426,53.0,20
571173613,77.0,18
581585542,527.0,37
590171815,23.0,62
590192430,887.0,81
590454318,993.0,70
590530990,133.0,50
590598726,451.0,68
590624368,163.0,70
590624376,100.0,57
590624387,29.0,21
590624402,354.0,65
590624404,3951.0,69
590624407,68.0,57
590624410,299.0,41
590624429,136.0,74
590624430,1006.0,76
590624432,1984.0,61
590624465,100.0,52
590624468,287.0,41
590637811,1343.0,73
590637815,228.0,57
590637816,75.0,57
590637817,157.0,57
590637825,427.0,81
590637847,560.0,73
590637857,102.0,73
590637864,315.0,77
590637870,152.0,70
590637883,103.0,51
590637885,154.0,73
590638479,867.0,80
10766844,42.0,19
50577683,56.0,18
113655936,241.0,19
131685039,5888.0,29
131788491,17000.0,80
133348313,11.0,36
135562388,278.0,80
135562976,4529.0,23
136006960,113.0,75
200943038,52.0,17
201343425,32.0,18
201950849,66.0,17
202454729,465.0,16
203432133,1.0,17
204415512,15.0,16
223886094,9.0,19
232139831,2.0,42
237159125,36.0,50
237201676,247.0,45
237229445,29.0,50
262498817,10.0,14
262787610,35.0,14
263985630,3.0,13
300130066,31.0,20
311520709,18.0,25
311803122,31.0,21
311810829,25.0,20
330414855,33.0,32
330686464,57.0,26
362586390,986.0,46
362606232,27.0,30
364509500,12.0,19
431562688,82.0,30
460484695,77.0,19
470897591,15.0,19
521118866,338.0,44
522455871,10.0,14
562370081,23.0,18
562464486,79.0,17
570828243,14.0,34
570941892,59.0,20
580140568,364.0,69
580566122,939.0,57
580566123,683.0,62
580566126,516.0,66
580566155,27.0,69
580566162,1869.0,78
580566185,41.0,57
580566190,252.0,61
580566194,1072.0,50
580566207,141.0,57
580566231,100.0,73
580566236,360.0,80
580566253,3146.0,80
580568686,133.0,74
580572430,620.0,75
580572434,114.0,70
580574922,85.0,51
580593403,261.0,71
580593424,45.0,63
580598050,196.0,28
580601576,91.0,51
580601980,36.0,69
580610074,631.0,49
580621444,8.0,69
580623603,68.0,69
580633971,6539.0,96
580633976,23.0,57
580637013,355.0,78
580639811,82.0,65
580647764,212.0,64
580655156,15.0,68
580671327,8.0,64
580676737,33.0,61
580685900,454.0,80
580806933,94.0,61
580808948,41.0,43
580828094,7.0,48
580861895,81.0,60
580876634,31.0,61
580898309,387.0,59
580905881,118.0,51
580967972,68.0,6
580976478,192.0,54
581021791,3352.0,54
581027246,9.0,55
581047778,182.0,53
581053728,13.0,54
581054331,149.0,80
581079411,42.0,52
581085443,31.0,53
581097003,71.0,76
581211155,8.0,48
581237316,125.0,45
581244138,37.0,46
581247027,81.0,46
581275610,209.0,45
581276804,17.0,45
581291607,34.0,37
43660909,107.0,20
237173957,70.0,50
510191809,147.0,46
526057064,758.0,57
990073482,148.0,57
990073490,456.0,79
990073494,265.0,56
990073533,632.0,85
990079713,1241.0,95
990107563,13.0,52
990161980,733.0,46
990197758,78.0,42
990199107,117.0,40
990218752,163.0,37
990220699,293.0,36
990220777,47.0,37
990222124,174.0,39
990222998,287.0,38
990225161,19.0,37
990229658,125.0,32
990256147,152.0,30
990261283,7927.0,26
990266733,58.0,8
990290923,134.0,26
990293514,24.0,26
990315110,67.0,27
990334518,444.0,22
990350803,100.0,21
133878574,20.0,26
208635797,109.0,15
231969973,256.0,47
237113276,72.0,51
237185185,8.0,50
412075995,17.0,19
721582755,164.0,18
820200747,75.0,57
820204464,87.0,80
820212536,259.0,67
820253346,713.0,68
820288020,91.0,57
820299013,50.0,49
820351171,204.0,43
820379274,33.0,39
820397940,217.0,37
820400218,131.0,37
820425400,384.0,29
820461587,50.0,29
820481687,117.0,26
820512146,43.0,16
820524367,32.0,76
826042478,89.0,43
931266991,36.0,19
943030996,241.0,31
46115524,579.0,57
131632524,1966.0,78
131665552,719.0,70
133039601,4103.0,37
133962840,33.0,24
141862409,78.0,18
200310701,94.0,1
201072336,47.0,18
202614486,102.0,17
203668110,1756.0,16
204275756,8.0,16
204830666,16.0,15
205080679,99.0,16
205621272,16.0,15
205884201,118.0,15
208674711,53.0,15
208811843,14.0,14
208845277,2.0,14
237004991,11.0,53
237022085,60.0,53
237026774,57.0,52
237030455,3763.0,53
237041401,82.0,52
237073022,24.0,51
237104524,72.0,51
237150339,22.0,50
237164967,137.0,50
237164989,20.0,50
237221206,80.0,49
237235671,0.0,23
237286648,70.0,47
237304570,81.0,49
237386928,31.0,47
237443009,82.0,47
237444825,96.0,47
261286022,96.0,13
262052733,39.0,14
263160079,183.0,14
264066298,9.0,13
270914453,35.0,12
300200478,488.0,18
300212534,265.0,18
311740930,5.0,21
320005884,104.0,20
320034746,44.0,18
351835273,38.0,31
351902841,423.0,28
360802950,41.0,72
360895575,191.0,89
361505770,3211.0,97
362166997,359.0,99
362167004,1205.0,90
362167011,8138.0,77
362167032,372.0,19
362167034,2277.0,72
362167087,880.0,80
362167725,16657.0,97
362167738,20.0,76
362167752,140.0,84
362167758,261.0,99
362167797,3011.0,84
362167814,1183.0,83
362167823,4754.0,95
362167843,76.0,85
362167918,4746.0,90
362167939,281.0,72
362167940,967.0,70
362167949,94.0,75
362169127,121.0,57
362169139,274.0,1
362169194,227.0,76
362169197,359.0,86
362170124,54.0,81
362170141,270.0,28
362170153,9533.0,76
362170869,168.0,80
362170901,634.0,74
362179782,2355.0,81
362179793,39.0,77
362179814,610.0,85
362181969,416.0,84
362181994,170.0,84
362183809,1139.0,68
362192804,23.0,79
362193618,390.0,64
362195467,9.0,59
362212704,35.0,37
362222687,36.0,84
362225482,3116.0,73
362229588,132.0,88
362246703,718.0,64
362344429,108.0,65
362379643,72.0,62
362382849,184.0,79
362422510,83.0,29
362428692,165.0,48
362443793,80.0,76
362477928,193.0,64
362512404,2136.0,61
134080201,348.0,22
200160286,30.0,19
200166014,1.0,17
204560286,285.0,15
208755673,70.0,14
208820570,1.0,15
237016089,236.0,53
237073822,2.0,25
237124787,15.0,50
237170019,25.0,50
237173906,50.0,50
237300355,84.0,49
237348277,64.0,48
310247014,344.0,31
310960136,35.0,43
310986769,33.0,42
311005792,47.0,41
311016441,2.0,40
311020198,107.0,41
311032583,56.0,34
311059740,16.0,39
311100607,147.0,38
311111795,78.0,38
311117791,333.0,37
311139447,806.0,37
311140515,136.0,37
311196894,99.0,35
311251680,106.0,34
320053249,55.0,18
320112278,33.0,18
341719319,14.0,29
350791163,279.0,71
350867932,69.0,58
350867955,4693.0,85
350867962,330.0,57
350867972,88.0,57
350868069,86.0,63
350868147,4686.0,79
350868211,1391.0,78
350868220,109.0,80
350868958,190.0,84
350869061,65.0,85
350874517,212.0,79
350876384,1445.0,89
350876385,65.0,81
350877579,13.0,63
350888017,942.0,67
350888754,181.0,85
350888771,616.0,80
350891621,110.0,65
350895837,115.0,80
350913541,282.0,70
350914096,43.0,62
350942622,92.0,71
350953433,46.0,63
350985959,12.0,64
350996134,56.0,41
350996148,42.0,64
350997525,114.0,51
350998627,52.0,24
351007590,2432.0,84
351007734,109.0,76
351008531,22.0,63
351033735,297.0,52
351038532,48.0,55
351044331,42.0,51
351051837,43.0,68
351052350,30.0,62
351054670,214.0,114
351063368,66.0,59
351068837,24.0,58
351074747,1773.0,56
351076405,130.0,58
351082600,21.0,60
351104430,55.0,44
351132860,49.0,55
351186290,312.0,51
351262574,101.0,50
351271943,63.0,50
351323831,205.0,47
351337205,58.0,47
351346514,95.0,47
351389882,196.0,45
351405179,4.0,46
351406245,52.0,28
351410753,34.0,44
351483868,542.0,42
351484281,154.0,41
351497202,136.0,41
351514924,19.0,41
351528285,93.0,39
351602775,129.0,35
351609945,126.0,38
351610362,85.0,37
351610723,156.0,32
351628916,191.0,35
351674365,478.0,35
351711878,57.0,34
351715910,222.0,35
351753977,74.0,35
134228071,42.0,19
200636360,51.0,18
237210932,197.0,49
362725960,127.0,50
363147342,221.0,40
411652782,51.0,28
420540765,197.0,52
420680248,111.0,71
420680395,67.0,58
420680419,1239.0,73
420680425,419.0,84
420680427,104.0,73
420680438,556.0,84
420703278,610.0,80
420710259,96.0,76
420801846,28.0,65
420819319,49.0,33
420835321,53.0,68
420861239,195.0,59
420947489,34.0,50
420955992,42.0,51
420981715,210.0,57
421110721,26.0,43
421169648,147.0,41
421171821,220.0,41
421189783,60.0,39
421204613,117.0,39
421275330,241.0,36
421278326,13.0,34
421310530,32.0,34
421320296,57.0,35
421342237,42.0,31
421381516,29.0,28
421394212,130.0,24
421419181,16.0,27
421430081,3.0,27
421434056,19.0,27
421508117,503.0,22
421512992,285.0,21
426039535,45.0,31
426062055,33.0,61
426062614,149.0,47
426072050,406.0,58
426075138,172.0,58
426077108,38.0,57
426081638,201.0,57
426090398,81.0,56
426097912,411.0,56
431214133,83.0,41
470601957,33.0,44
510176029,46.0,45
510189030,322.0,46
850364261,41.0,34
20587875,37.0,20
50588761,12.0,18
201635170,164.0,17
201789905,184.0,17
237166092,13.0,50
237345952,333.0,48
237437297,58.0,13
261964620,155.0,14
310900246,287.0,45
310979404,307.0,42
310994059,58.0,42
310997017,5099.0,42
311053467,256.0,39
311099653,14.0,38
311113237,80.0,38
330596423,776.0,28
364092893,40.0,25
366000818,361.0,29
382928770,5.0,32
510450314,27.0,76
521521276,444.0,35
610435444,23.0,88
610444640,1810.0,87
610444651,677.0,92
610444679,28.0,67
610444680,596.0,84
610444690,444.0,80
610444762,72.0,78
610444765,805.0,62
610444771,245.0,59
610444823,1298.0,87
610444842,484.0,58
610444846,174.0,87
610445834,698.0,38
610445839,300.0,57
610445842,26.0,50
610458359,314.0,78
610458375,218.0,50
610458379,13.0,70
610463938,183.0,77
610466715,12.0,70
610476694,58.0,28
610479626,75.0,69
610485432,205.0,59
610549561,107.0,57
610590564,44.0,53
610590743,87.0,60
610645030,190.0,58
610661137,370.0,56
610667139,300.0,60
610675663,50.0,53
610729266,315.0,50
610733046,31.0,49
610890210,86.0,46
610929390,34.0,44
610954571,40.0,42
610969361,162.0,42
610985312,62.0,41
611026214,52.0,39
611061973,48.0,37
611135907,46.0,33
611142823,44.0,29
611159549,162.0,33
611220742,45.0,31
611245271,12.0,28
611259787,92.0,28
611285124,185.0,26
611293428,626.0,26
611323046,314.0,24
611352889,21.0,23
611387338,34.0,21
616000384,49.0,74
616013111,40.0,54
616031750,404.0,80
616033779,21.0,69
616034476,30.0,75
616057856,34.0,54
621257717,131.0,37
680095964,28.0,35
61522546,85.0,23
203827040,21.0,16
203999559,9.0,15
237050551,58.0,53
237122403,40.0,51
262189665,326.0,14
421385361,31.0,30
421633060,76.0,17
450470675,7.0,19
510157624,214.0,27
581669937,105.0,36
581702220,33.0,35
581704372,34.0,35
720272897,16.0,70
720408911,383.0,76
720408921,4067.0,81
720408936,123.0,75
720411324,49.0,57
720423617,25.0,57
720423632,52.0,57
720447100,130.0,67
720456901,144.0,68
720460816,117.0,78
720462338,13.0,50
720471368,257.0,50
720471369,281.0,70
720498515,38.0,65
720503930,16.0,66
720513639,68.0,61
720706608,13.0,49
720735814,42.0,49
720776781,17.0,46
720798830,90.0,45
720851575,30.0,42
720867661,18.0,43
720928066,75.0,40
720929068,488.0,40
720954712,37.0,39
720956468,436.0,38
720972102,276.0,39
720973161,337.0,36
721004960,4807.0,38
721065318,296.0,36
721115589,12.0,34
721141747,71.0,35
721154072,138.0,32
721189023,39.0,30
721200790,3342.0,30
721205164,24.0,30
721311151,20.0,26
721328890,260.0,26
721333809,94.0,26
721447742,28.0,23
721489054,20.0,21
726000331,996.0,59
726001959,10.0,52
726030391,2932.0,57
753023211,20.0,20
10202467,299.0,68
10211478,53.0,63
10211513,12118.0,72
10211530,130.0,84
10211543,221.0,96
10211564,33.0,61
10212442,323.0,76
10212541,171.0,80
10215910,47.0,45
10216837,546.0,81
10237912,223.0,67
10241767,196.0,66
10248780,228.0,82
10267392,95.0,59
10270690,163.0,59
10271477,176.0,58
10276862,20.0,50
10287624,79.0,51
10352258,130.0,45
10355822,78.0,44
10368070,329.0,35
10378420,758.0,39
10391479,6699.0,38
10418917,232.0,32
10422035,56.0,19
10425071,703.0,34
10476545,445.0,29
10477512,32.0,29
10502563,320.0,25
10504905,294.0,26
10518193,40.0,24
10523390,487.0,23
10532835,34.0,21
16004404,26.0,57
16004866,26.0,64
16006001,611.0,61
16011843,35.0,49
16023519,34.0,60
203368194,11.0,15
222559133,67.0,38
222582877,368.0,37
222786731,403.0,35
222986809,555.0,33
223171529,346.0,30
223260883,21.0,29
237018176,82.0,53
270069386,19.0,18
522377085,102.0,19
770612679,297.0,17
20259978,328.0,73
30418380,52.0,20
42531031,123.0,12
42730954,24.0,41
43348171,148.0,25
43817491,229.0,16
113158401,465.0,29
113644283,28.0,18
131084135,615.0,42
131623902,12.0,65
131893924,181.0,66
131930701,53700.0,65
132574963,433.0,76
133648561,20.0,26
135633307,868.0,68
200464012,32.0,18
202624345,55.0,17
202897110,82.0,17
208780367,10.0,15
208817225,420.0,15
223880419,2.0,19
223936753,1373.0,15
232964829,41.0,23
236393344,372.0,58
237051889,397.0,54
237076021,22.0,52
237089144,57.0,52
237124261,543.0,51
237135845,1556.0,49
237180620,2419.0,50
237198530,195.0,41
237209538,59.0,50
237252343,47.0,72
237337229,665.0,48
251679348,184.0,30
261446183,28.0,14
262271377,58.0,14
311510297,8.0,25
311770828,114.0,21
330780945,122.0,22
341262642,46.0,43
361930035,107.0,37
362862206,593.0,46
364567583,13.0,16
371578088,125.0,13
382935397,302.0,32
452981579,95.0,11
510211993,8.0,45
510430002,6.0,20
520403670,359.0,96
520583872,41.0,73
520591538,1568.0,76
520591543,602.0,95
520591680,62.0,57
520597056,274.0,12
520607930,260.0,84
520607950,241.0,75
520607957,516.0,71
520607973,8.0,83
520609154,95.0,71
520623165,97.0,80
520629696,110.0,78
520635090,353.0,85
520668166,369.0,75
520688275,61.0,28
520691704,6.0,63
520704473,27.0,63
520715244,420.0,76
520742301,26.0,55
520780194,462.0,57
520780207,235.0,57
520813371,67.0,55
520846183,2884.0,54
520847374,16.0,59
520856660,216.0,63
520897806,36.0,52
520908178,46.0,32
520953609,27.0,50
520970963,236.0,18
521020149,17.0,30
521061126,113.0,46
521072684,34.0,20
521076232,10.0,24
521100236,239.0,42
521110645,76.0,44
521121163,918.0,43
521125663,16439.0,44
521135690,749.0,43
521177011,39.0,21
521181917,3.0,41
521184957,235.0,41
521192529,368.0,78
521204629,71.0,41
521214782,124.0,36
521226188,277.0,40
521231286,137.0,41
521231931,7412.0,41
521233092,273.0,40
521233437,95.0,21
20659244,17.0,19
30278626,7.0,41
30382773,95.0,20
30385377,112.0,20
41988530,1261.0,88
41988945,523.0,39
42024022,483.0,70
42067315,201.0,73
42074462,113.0,73
42103548,159.0,80
42103550,6257.0,102
42103551,1638.0,84
42103559,16958.0,57
42103597,1915.0,88
42103607,12346.0,57
42103616,3818.0,61
42103651,981.0,88
42103714,1186.0,79
42103727,32.0,20
42103878,759.0,82
42103907,348.0,89
42103916,3086.0,29
42103922,1130.0,89
42103923,82.0,77
42103924,71.0,52
42103927,23.0,74
42103940,25.0,29
42103993,558.0,88
42104008,326.0,84
42104017,110.0,59
42104021,12016.0,25
42104026,92.0,65
42104035,218.0,93
42104231,59.0,62
42104264,32.0,69
42104327,1099.0,63
42104334,3005.0,85
42104347,15.0,71
42104354,20.0,76
42104357,154.0,62
42104363,142.0,78
42104377,120.0,72
42104396,62.0,68
42104397,8418.0,66
42104412,271.0,79
42104690,2112.0,84
42104702,3551.0,71
42104714,59.0,79
42104726,670.0,90
42104740,102.0,85
42104756,59.0,78
42104757,680.0,100
42104768,169.0,67
42104792,17.0,67
42104805,340.0,90
42104807,23.0,63
42104841,57.0,64
42104852,1172.0,84
42104853,17.0,54
42104912,9.0,80
42104937,1209.0,6
42105825,160.0,87
42105850,6704.0,68
42105851,82.0,96
42105868,224.0,89
42105885,560.0,88
42106173,114.0,66
42106765,474.0,94
42108374,1055.0,80
42121305,1987.0,23
42123666,147.0,79
42125003,218.0,28
42126598,189.0,92
42127020,19.0,28
42131409,35.0,28
42143545,286.0,77
42152680,52.0,51
42160642,284.0,41
42203829,858.0,89
42203836,1076.0,61
42210747,135.0,70
42234126,249.0,69
42237311,78.0,66
42262880,607.0,69
42263040,39058.0,60
42271714,11.0,33
42281657,79.0,59
42303908,20.0,54
42312734,570.0,58
42382233,615.0,57
42387225,33.0,56
42395520,630.0,76
42401399,172.0,51
42429556,115.0,39
42433182,36.0,38
42458501,52.0,70
42469627,205.0,52
42472126,113.0,50
42487748,77.0,50
42488502,392.0,49
43760991,144.0,15
200739420,151.0,18
201946065,24.0,17
203099071,919.0,17
203122770,7.0,17
204104936,8.0,16
205764501,15.0,15
223786806,15.0,19
236296186,12.0,58
237088427,38.0,51
237120670,36.0,50
237187264,79.0,50
237195491,20.0,48
237200548,43.0,47
237243421,100.0,50
237327248,90.0,76
237384822,510.0,48
310036036,12.0,32
311628040,425.0,23
320030432,136.0,19
341811907,248.0,25
352153719,12.0,20
352166244,1.0,18
356059274,8.0,56
380593958,43.0,76
380691329,172.0,87
381280546,80.0,75
381348535,40.0,28
381357996,35.0,80
381358055,521.0,76
381358058,822.0,80
381358206,378.0,80
381358215,50.0,96
381358411,83.0,77
381359193,249.0,77
381359229,67.0,81
381359259,6.0,47
381359260,140.0,38
381359510,4272.0,74
381359511,21.0,6
381359513,5197.0,77
381359516,118.0,72
381359592,131.0,3
381359597,231.0,19
381360524,27.0,65
381360555,38.0,48
381360557,80.0,66
381360585,6310.0,79
381360923,381.0,61
381360926,85.0,71
381363572,52.0,71
381366931,335.0,70
381368341,51.0,80
381368362,74.0,77
381381144,89.0,67
381384441,75.0,71
381385132,1076.0,70
381387123,102.0,82
381387136,677.0,78
381387143,145.0,58
381398829,24.0,79
381410467,213.0,62
381420301,56.0,76
381426895,42.0,57
381434224,188.0,63
381440200,314.0,64
381443378,77.0,55
381459371,205.0,42
381471325,116.0,66
381474931,186.0,71
381474932,105.0,46
381539997,141.0,65
381540000,112.0,21
381545881,284.0,78
381557146,526.0,68
381557622,155.0,64
381557861,148.0,28
381559941,111.0,9
381575570,27.0,61
381578801,6.0,50
381601542,72.0,76
381613981,217.0,79
381617060,370.0,80
381626400,12.0,62
381675000,13.0,77
381679060,10.0,51
381682300,45.0,68
381689022,2343.0,59
381720832,24.0,58
381785309,83.0,57
381802396,48.0,38
381806452,22.0,35
381813208,16.0,56
381882052,46.0,53
381882096,38.0,56
381903026,558.0,52
381912094,69.0,37
381912803,28.0,52
381948285,183.0,51
381951024,90.0,51
10797083,83.0,17
30355315,7.0,24
42296967,1476.0,60
200715686,25.0,17
201935180,177.0,17
202882711,21.0,17
203477309,104.0,16
205425332,81.0,15
223857401,39.0,20
237058853,30.0,52
237083534,27.0,52
237366680,17.0,48
237412105,53.0,48
237417654,1158.0,48
237449686,57.0,47
237452688,109.0,46
260573427,10.0,15
300377727,20.0,16
320017737,75.0,20
352191193,33.0,19
352197019,32.0,19
352246162,20.0,16
363241033,386.0,43
363287099,38.0,38
363292374,23.0,38
363297852,39.0,3
363352680,12.0,37
363359386,201.0,37
363363171,808.0,35
363383933,88.0,37
363412619,530.0,36
363451562,956.0,36
363453471,881.0,36
363454285,740.0,36
363479964,104.0,35
363482724,119.0,35
363488089,7.0,36
363501938,15.0,35
363532234,59.0,35
363557115,28.0,34
363558710,225.0,33
363566121,2.0,34
363578158,43.0,34
363579536,54.0,33
363605013,73.0,33
363611426,19.0,33
371441658,60.0,19
391671687,4.0,27
391763115,15.0,29
410637089,259.0,56
410693842,506.0,77
410693845,62.0,57
410693851,29.0,71
410693866,1827.0,79
410693875,1875.0,92
410693887,190.0,77
410693889,1971.0,80
410693915,3286.0,55
410693916,145.0,77
410693924,65.0,67
410693929,3792.0,76
410695594,57.0,59
410705786,11.0,72
410705847,410.0,93
410706171,823.0,88
410706172,1380.0,79
410711603,348.0,80
410713907,2617.0,78
410721636,35.0,76
410726138,104.0,69
410769851,769.0,64
410794440,158.0,61
410826559,19.0,47
410829498,479.0,63
410831896,17.0,77
410832903,41.0,48
410854160,1501.0,60
410855267,8.0,72
410857077,75.0,60
410874541,45.0,60
410908454,43.0,56
410908458,174.0,55
410909036,22.0,55
410915124,53.0,55
410916478,163.0,54
410917362,59.0,54
410945277,252.0,77
410946789,287.0,53
410948382,191.0,53
410953924,1767.0,53
410977257,395.0,51
410979010,35.0,49
410983062,89.0,48
410984859,23.0,51
410986200,19.0,12
410988459,13.0,56
410990340,57.0,50
411227969,31.0,48
411228092,6.0,48
411228157,75.0,48
134203234,56.0,20
200487728,38.0,18
237248582,1447.0,50
237262987,27.0,30
510163622,350.0,47
562460700,15.0,17
581998577,7.0,30
640303071,85.0,57
640303072,36.0,57
640303075,24.0,69
640321520,742.0,73
640330259,16.0,57
640331635,16.0,67
640334999,324.0,76
640369382,35.0,62
640387509,26.0,51
640392972,23.0,57
640410475,20.0,64
640471554,52.0,53
640474850,625.0,53
640539145,125.0,56
640592533,30.0,45
640607275,537.0,40
640652510,47.0,41
640655566,47.0,40
640676325,145.0,39
640730362,9.0,36
640730835,12.0,35
640750633,114.0,35
640762027,46.0,33
640811705,47.0,30
640826356,19.0,29
640850010,417.0,18
640851798,1661.0,28
640880602,28.0,26
646034439,75.0,55
646034485,77.0,55
721151070,190.0,31
943421724,313.0,19
10777850,53.0,8
131623921,27.0,64
135562362,106.0,14
200126713,103.0,16
201257910,109.0,18
201566278,29.0,17
202272546,54.0,17
202622550,51.0,17
204768985,69.0,16
205168546,7.0,15
208345719,7.0,15
208742553,88.0,15
237085010,46.0,55
237102928,140.0,51
237152540,12.0,50
237328374,186.0,45
237362463,170.0,48
261573088,1941.0,14
300060905,42.0,20
363084945,235.0,42
371227890,61.0,34
386091187,118.0,53
430652112,81.0,28
430652614,473.0,24
430652636,103.0,76
430652638,965.0,81
430652643,1570.0,75
430652657,1239.0,84
430652676,336.0,57
430652684,162.0,10
430653263,109.0,81
430653270,41.0,76
430653401,107.0,80
430654866,1369.0,79
430662456,964.0,88
430666742,16.0,49
430666759,3161.0,85
430666769,529.0,96
430669085,206.0,80
430685345,288.0,67
430685348,54.0,87
430699783,206.0,77
430714167,1218.0,65
430735827,37.0,64
430790330,169.0,58
430790672,38.0,57
430821958,954.0,56
430824638,84.0,57
430896665,176.0,80
430909606,170.0,53
430914542,158.0,52
430958608,18.0,51
430962198,84.0,51
430962293,38.0,50
430970273,108.0,50
430971560,308.0,47
430976396,72.0,69
430991233,14.0,66
431077667,23.0,46
431082063,76.0,45
431094348,21.0,45
431099929,24.0,45
431122941,60.0,44
431131429,47.0,44
431138252,19.0,45
431152398,21871.0,43
431160478,191.0,43
431164177,43.0,34
431168979,184.0,43
431186173,100.0,41
431190760,254.0,42
431202816,223.0,42
431208665,535.0,42
431209928,453.0,43
431213751,58.0,41
431218720,25.0,28
431225829,50.0,39
431238934,194.0,40
431241854,212.0,40
431251264,8.0,40
431253102,470.0,40
431263499,210.0,76
431264877,28.0,40
431265685,83.0,39
431266906,257.0,40
431268319,50.0,40
431287029,51.0,59
431297475,648.0,39
431304395,23.0,39
431321294,41.0,38
431345089,48.0,31
431349378,65.0,33
431371143,60.0,36
431395056,221.0,36
431395863,146.0,36
431426384,206.0,35
431427062,2137.0,35
431450326,127.0,34
431458163,43.0,32
431482136,611.0,39
30354382,27.0,24
201037177,27.0,16
208837637,221.0,15
237083873,42.0,51
237375919,101.0,48
363378581,43.0,37
363507623,32.0,35
363519470,70.0,35
475427975,199.0,6
510198932,48.0,44
510376237,98.0,25
521121079,23.0,44
521786332,338.0,29
562579734,81.0,16
743171967,18.0,16
770322706,62.0,28
810287507,39.0,61
810287854,23.0,55
810304170,10.0,53
810304856,4.0,53
810308003,27.0,51
810343177,300.0,50
810367064,121.0,27
810367205,46.0,23
810369020,76.0,43
810384820,11.0,43
810389914,90.0,42
810393444,54.0,41
810399818,32.0,39
810414042,163.0,38
810414143,103.0,38
810421243,70.0,38
810421425,1151.0,38
810438290,345.0,11
810445339,37.0,34
810450150,1635.0,34
810459235,111.0,28
810472959,53.0,29
810496898,13.0,27
810526651,17.0,23
810530627,1.0,22
810530827,10.0,22
810535303,37.0,22
816003526,198.0,68
816014374,84.0,58
816014902,112.0,57
816017354,12.0,56
841383214,93.0,25
841409114,187.0,24
861153859,22.0,15
61669552,49.0,19
141869352,32.0,19
201407520,44.0,17
237162972,20.0,4
237169265,857.0,50
237359778,3.0,48
260494022,371.0,15
311614650,235.0,23
363283625,341.0,38
363363994,112.0,37
363490560,179.0,35
363945814,53.0,28
470376529,878.0,83
470376586,583.0,86
470376605,254.0,68
470376606,17266.0,100
470376612,51.0,76
470376622,122.0,81
470376624,91.0,77
470376896,44.0,88
470378997,556.0,88
470384575,36.0,74
470384577,440.0,71
470384659,539.0,87
470399856,86.0,92
470405317,62.0,79
470405439,83.0,42
470411375,189.0,65
470466144,16.0,59
470467350,492.0,59
470469492,38.0,59
470469782,3003.0,69
470488319,110.0,61
470546346,49.0,45
470562184,341.0,47
470586898,18.0,45
470589290,60.0,44
470601005,399.0,31
470608588,152.0,43
470619855,53.0,38
470637701,208.0,39
470640293,180.0,40
470653927,53.0,39
470655246,42.0,38
470659701,587.0,33
470671096,93.0,37
470700215,66.0,34
470716006,6.0,34
470716636,72.0,34
470735201,95.0,31
470742394,63.0,31
470751554,38.0,76
470755104,133.0,24
470786622,8.0,27
470789054,391.0,27
470800906,48.0,26
470826512,50.0,22
470832480,289.0,21
476022615,80.0,38
476024881,481.0,73
476026109,162.0,52
476032795,83.0,62
476039304,604.0,79
710982808,15.0,16
911829974,537.0,24
911857425,65.0,25
205659783,18.0,15
223829041,39.0,21
237222330,75.0,52
237437479,343.0,44
237441306,95.0,47
300396918,1927.0,15
860858401,67.0,25
870447025,46.0,41
880059265,140.0,57
880059327,10.0,59
880071328,169.0,57
880072720,160.0,69
880093150,271.0,57
880098500,218.0,46
880142068,580.0,45
880142948,16.0,45
880172215,91.0,39
880209952,477.0,37
880253276,131.0,31
880268803,46.0,35
880275767,206.0,26
880292094,70.0,29
880302673,55.0,28
880339754,166.0,76
880362053,979.0,26
880370179,1272.0,24
880371088,43.0,25
880412311,13.0,23
880450947,7.0,22
886003042,504.0,61
942411883,39.0,45
942427112,102.0,45
942924979,193.0,38
942943891,401.0,38
943108570,76.0,27
943192750,46.0,28
20222237,953.0,36
20222248,386.0,84
20222250,279.0,80
20223606,118.0,73
20225135,53.0,71
20236885,28.0,70
20239801,50.0,53
20259874,124.0,59
20260158,167.0,55
20338667,100.0,44
20351152,43.0,41
20359239,40.0,41
20405369,34.0,30
20433505,111.0,28
20450773,57.0,29
26000614,189.0,50
26005322,200.0,78
26005610,51.0,29
26005625,9469.0,59
26006033,80.0,67
26006374,64.0,59
26015642,19.0,68
42121335,54.0,90
131592242,525.0,99
222549963,87.0,36
222593431,149.0,37
222990908,681.0,28
237085105,187.0,52
237207522,24.0,50
237225952,84.0,49
237337664,129.0,48
237348710,11.0,48
237416090,42.0,47
261455510,59.0,14
431957920,109.0,20
20687863,75.0,19
112729585,27.0,30
112974154,13.0,28
112981112,116.0,28
113459952,30.0,23
113585917,16.0,21
113720098,89.0,17
131427105,8853.0,48
131659345,320.0,30
131777413,1.0,19
133155199,31.0,39
133345685,16.0,76
133503955,3.0,28
133537710,220.0,33
133548993,1.0,6
133602362,0.0,28
133807016,116.0,27
133830191,30.0,26
133842415,7.0,27
134148824,62.0,20
134198529,109.0,20
202329938,462.0,11
208202424,27.0,14
210632971,63.0,81
210634556,81.0,84
210634563,43.0,64
210634574,137.0,57
210634963,130.0,57
210635048,133.0,80
210649717,304.0,69
210656182,156.0,71
210679893,110.0,67
210681239,219.0,13
210683073,11.0,84
210694373,26.0,71
210703075,190.0,51
210715335,73.0,93
210724198,283.0,59
210732575,15.0,61
216006822,30.0,57
220019138,30.0,58
221487122,100.0,80
221487207,28.0,80
221487218,10.0,51
221487222,1115.0,67
221487247,50.0,72
221487275,644.0,95
221487364,50.0,57
221487387,430.0,88
221487582,240.0,96
221500549,238.0,67
221514241,167.0,68
221520408,61.0,64
221539642,308.0,85
221539721,4224.0,87
221559422,153.0,78
221657929,68.0,66
221668879,302.0,28
221668993,8.0,39
221687993,54.0,42
221687995,108.0,58
221752792,106.0,65
221774147,23.0,28
221828435,21.0,55
221829502,93.0,52
221833220,224.0,43
221849118,54.0,52
221904427,36.0,53
221912812,79.0,51
221962163,90.0,50
221964188,50.0,30
222010593,74.0,51
222014555,23.0,36
222041389,57.0,48
222115416,17.0,41
222126867,121.0,43
222137728,51.0,43
222158627,40.0,45
222170048,123.0,44
222185298,98.0,42
222189072,58.0,44
222281774,14.0,40
222281783,6687.0,37
222297353,58.0,40
222302253,1187.0,40
222327766,115.0,42
222354475,75.0,39
222368937,87.0,39
222378007,466.0,40
222392881,115.0,40
222403906,29.0,40
222423882,673.0,37
222424542,246.0,32
222430393,176.0,39
222431065,32.0,37
222458395,30.0,36
222488495,192.0,37
222491675,231.0,36
222563979,26.0,35
10869701,48.0,15
201870330,56.0,17
237087964,145.0,52
237138947,8.0,51
352285824,53.0,15
731023474,20.0,45
850106943,17.0,64
850113191,26.0,69
850125045,353.0,80
850131810,1375.0,7
850163601,58.0,51
850201054,186.0,54
850202503,421.0,58
850207652,165.0,51
850223225,631.0,49
850224461,10.0,49
850257595,23.0,44
850268084,24.0,42
850277138,260.0,42
850278525,426.0,42
850283204,109.0,42
850295444,1246.0,39
850325494,512.0,38
850347088,12.0,36
850354965,139.0,16
850359138,84.0,35
850366754,47.0,34
850404277,42.0,25
850406234,23.0,29
850406306,54.0,29
850413922,208.0,25
850416803,143.0,28
850417347,920.0,27
850431846,536.0,26
850432731,20.0,27
850437114,1643.0,26
850448396,133.0,24
850457916,21.0,23
856000484,160.0,81
856018576,309.0,58
911919141,12.0,24
953403273,503.0,43
10651843,69.0,20
10708733,363.0,19
10885377,224.0,15
10963657,50.0,12
20554654,793.0,19
20588068,53.0,20
20602245,55.0,19
30371141,28.0,21
30442514,26.0,20
30483824,28.0,19
30498942,1.0,19
30519569,83.0,19
30529005,91.0,17
42718182,57.0,41
43017097,16.0,34
43106173,8.0,29
43234202,150.0,27
43252955,237.0,27
43810161,136.0,17
60706038,496.0,75
60932894,54.0,23
61043042,77.0,41
61045698,58.0,40
61072470,4.0,39
61517218,99.0,24
61551843,342.0,22
61597902,28.0,21
61611859,21.0,21
61711370,36.0,18
110332039,33.0,31
111630813,176.0,88
111633484,147.0,82
111649914,643.0,58
111660855,291.0,36
111666852,660.0,74
111672743,3233.0,87
111687477,437.0,72
111770097,289.0,68
111782495,412.0,63
111833092,18.0,64
111834468,5.0,63
112013303,11091.0,58
112104059,549.0,58
112136505,72.0,29
112201344,1470.0,53
112213686,2.0,59
112247307,120.0,50
112417338,1213.0,45
112427999,53.0,49
112444833,26.0,44
112454790,538.0,44
112475743,71.0,43
112495601,37.0,41
112510315,193.0,57
112517055,120.0,40
112519726,22.0,40
112524512,189.0,41
112594790,38.0,33
112622003,41.0,39
112632404,240.0,40
112642599,26.0,39
112645641,204.0,39
112656137,691.0,38
112665181,131.0,38
112666969,40.0,38
112676892,88.0,38
112706563,4.0,35
112730714,56.0,37
112741490,23.0,31
112764747,224.0,36
112767098,17.0,36
112840553,84.0,35
112843763,256.0,35
112926958,18.0,33
112940331,189.0,31
112949583,54.0,28
113035221,22.0,32
113129249,40.0,29
113133786,7.0,29
113136350,194.0,29
113142753,58.0,28
113161238,37.0,28
113174514,74.0,76
113185372,35.0,28
113195338,17.0,28
113245314,0.0,27
113247651,133.0,27
113313534,40.0,26
113317234,330.0,25
113344389,531.0,24
113355081,167.0,25
113431939,48.0,24
113473757,83.0,23
113533002,214.0,21
113571208,63.0,21
113579187,93.0,20
113579493,17.0,21
113632924,111.0,20
115324002,288.0,36
116000821,26.0,89
30455618,114.0,20
43326812,10.0,25
43606319,11.0,20
60932294,158.0,46
112734849,55.0,36
133705951,779.0,29
133813813,353.0,27
141880905,131.0,18
161541024,72.0,24
200146446,3.0,18
201507669,1.0,17
203768277,11.0,16
204671570,125.0,16
208423943,63.0,15
208686806,31.0,14
208787719,16.0,15
221838364,18.0,26
223248256,49.0,29
226063412,34.0,58
237055886,59.0,51
237071511,673.0,53
237083760,20.0,50
237107693,416.0,50
237348168,30.0,48
237357234,73.0,48
260354460,58.0,14
261379308,11.0,14
262176362,17.0,13
263516121,47.0,6
271085525,6.0,12
273764203,94.0,11
311486222,5.0,25
311512730,53.0,25
330017152,19.0,38
411483019,87.0,38
412075011,45.0,18
510195015,140.0,46
521804051,124.0,29
540888863,869.0,51
560529939,32.0,77
560529941,69.0,57
560529944,1192.0,72
560529949,28.0,67
560529957,191.0,57
560529985,63.0,57
560529991,77.0,57
560532132,90.0,57
560538018,247.0,61
560543221,94.0,57
560543259,52.0,57
560547460,771.0,78
560547491,24.0,84
560547499,734.0,16
560567980,306.0,83
560571223,194.0,71
560576157,83.0,51
560597086,25.0,73
560599239,15.0,69
560603924,679.0,76
560611545,17.0,62
560615188,42.0,65
560621073,32.0,65
560650623,996.0,67
560653356,20.0,68
560668555,292.0,53
560670666,809.0,79
560672085,89.0,28
560692826,64.0,70
560693436,381.0,61
560715171,63.0,26
560746180,10.0,60
560770175,10.0,56
560771005,17.0,57
560774714,25.0,76
560810676,419.0,57
560812213,223.0,58
560863051,83.0,55
560890133,21.0,45
560890545,102.0,49
560891732,51.0,54
560891921,59.0,54
560934855,46.0,19
560953324,6.0,51
560990900,374.0,51
561045299,2109.0,49
561061085,52.0,47
561061859,98.0,48
561071085,1243.0,48
561079943,69.0,41
561085968,97.0,45
561149607,87.0,50
561152286,106.0,46
561191115,108.0,42
561202940,88.0,43
561220376,115.0,43
561223384,4227.0,43
561249407,50.0,42
561282557,524.0,42
561283426,858.0,41
410810008,94.0,58
450226435,118.0,75
450251562,28.0,66
450276899,244.0,57
450365598,73.0,40
450386152,57.0,35
450387741,55.0,37
450453441,8.0,23
530259796,182.0,2
43684531,253.0,20
201461313,17.0,17
203498125,158.0,8
205771149,35.0,16
208334578,49.0,14
237060744,45.0,52
237061949,36.0,52
237065803,38.0,52
237078501,125.0,51
237084455,446.0,52
237122205,437.0,51
237132362,8.0,49
237137105,119.0,51
237220259,13.0,47
237299935,21.0,47
237304942,3193.0,49
237335592,43.0,48
237358431,59.0,39
237367199,129.0,48
261594574,46.0,14
262650611,16.0,13
300186863,18.0,19
310536651,132.0,57
310536653,2812.0,88
310536658,125.0,80
310536965,255.0,70
310536968,90.0,76
310537073,120.0,80
310537080,3349.0,88
310537138,1253.0,71
310537171,2167.0,81
310537174,1453.0,50
310537480,407.0,80
310537488,481.0,75
310537502,867.0,67
310537509,63.0,81
310537510,270.0,13
310543284,167.0,57
310549044,404.0,80
310549095,21.0,68
310560051,86.0,66
310577668,26.0,53
310584309,308.0,75
310585917,182.0,64
310588218,24.0,68
310590095,379.0,82
310619209,24.0,63
310644804,19.0,65
310668800,230.0,56
310669700,8271.0,59
310682004,10.0,62
310734490,17.0,54
310736673,38.0,54
310805578,25.0,50
310818511,77.0,64
310838745,172.0,66
310842914,11.0,41
310852944,5.0,48
310865343,410.0,46
310887471,18.0,46
310890152,497.0,46
310897638,235.0,45
310919027,14.0,51
310941103,57.0,44
310952074,8.0,43
310964793,40.0,36
310965333,913.0,42
310971249,26.0,42
310999791,51.0,41
311002913,14.0,41
311020021,145.0,41
311048567,56.0,29
311076425,31.0,38
311096571,61.0,36
311104456,57.0,38
311111842,18.0,38
311124344,4.0,37
311137270,89.0,37
311147022,281.0,36
311176135,23.0,36
311179492,49.0,36
311185975,127.0,35
311209423,120.0,35
311217994,197.0,35
311229135,406.0,34
311258416,339.0,29
311261322,4.0,33
311287785,57.0,32
311340842,257.0,29
311348100,1294.0,30
311356151,654.0,30
311374154,29.0,23
311385607,265.0,29
311385609,12.0,29
311409264,187.0,27
311410636,437.0,27
311423556,14.0,27
311429016,160.0,27
311436217,292.0,27
311438001,24.0,27
61710161,26.0,19
134255191,83.0,17
201837237,161.0,17
203798077,31.0,16
204089800,103.0,16
208446621,58.0,15
237003520,98.0,53
237041295,32.0,53
237174120,51.0,50
263260581,47.0,13
300341029,1051.0,17
470878581,178.0,20
510165881,218.0,46
730528431,473.0,76
730568096,43.0,73
730579230,411.0,57
730579231,9.0,64
730579243,365.0,74
730579272,208.0,58
730579279,790.0,38
730579296,80.0,67
730580274,4161.0,23
730580283,379.0,71
730589829,314.0,70
730590037,32.0,74
730623050,33.0,71
730636561,214.0,76
730643311,15.0,62
730657931,770.0,54
730665495,178.0,64
730667485,212.0,58
730668684,19.0,53
730682415,879.0,62
730707328,147.0,65
730713883,94.0,60
730726446,17.0,57
730757053,38.0,28
730776404,34.0,51
730782748,78.0,21
730804291,68.0,50
730930870,147.0,47
730933253,44.0,52
730934739,23.0,48
730939422,26.0,48
730942963,24.0,47
731001687,110.0,38
731019628,91.0,45
731021165,26.0,45
731028332,184.0,44
731037026,22.0,51
731039524,85.0,38
731100380,366.0,25
731103242,145.0,41
731116884,12.0,41
731173687,33.0,39
731176743,10.0,39
731184980,389.0,36
731192768,1.0,38
731200262,156.0,37
731222182,51.0,38
731226237,30.0,37
731305668,157.0,8
731325063,170.0,35
731325326,36.0,34
731329755,264.0,34
731334271,330.0,33
731357030,49.0,27
731378766,123.0,31
731388569,45.0,29
731421083,62.0,29
731425473,78.0,29
731435473,1019.0,3
731436375,48.0,24
731472202,104.0,27
731474319,37.0,27
731501645,73.0,26
731557819,249.0,23
731559561,8.0,23
736070545,193.0,63
736103406,24.0,58
736108657,2134.0,55
753240683,489.0,6
30473181,64.0,19
43236982,136.0,28
200773189,91.0,18
201260228,6.0,18
203741107,15.0,16
237083114,14196.0,51
237121915,81.0,50
237137120,32.0,44
237153987,237.0,47
237257390,238.0,50
237315673,26331.0,49
237355562,80.0,48
237432820,21.0,47
270646992,44.0,13
330317937,19.0,29
330919329,29.0,20
373963621,5.0,28
412065177,16.0,19
436043847,55.0,71
510175253,104.0,47
510179336,185.0,46
521957214,264.0,26
680401509,35.0,24
820385049,30.0,38
841328829,142.0,17
911148123,2011.0,41
911583492,42.0,28
911821187,64.0,25
911943624,261.0,23
926004561,25.0,63
930386791,105.0,77
930386792,561.0,57
930386825,77.0,66
930386880,966.0,81
930386981,305.0,88
930391592,28.0,74
930391599,348.0,71
930391604,1701.0,84
930391640,69.0,69
930394142,54.0,30
930395586,47.0,64
930402877,603.0,73
930407022,564.0,83
930409105,26.0,76
930429354,76.0,55
930446527,215.0,68
930467412,97.0,65
930474800,262.0,74
930479079,42.0,62
930521848,15.0,58
930524232,28.0,57
930559964,42.0,54
930563797,99.0,67
930571472,160.0,54
930574297,13.0,49
930577975,85.0,56
930578714,34.0,37
930579286,26.0,52
930582124,223.0,52
930584318,397.0,51
930584827,75.0,50
930621534,179.0,47
930633804,17.0,40
930642086,53.0,47
930681311,199.0,45
930696480,9.0,42
930706557,12.0,44
930710963,44.0,44
930713827,105.0,44
930718337,195.0,43
930748169,11.0,41
930752969,34.0,42
930757378,85.0,42
930758732,54.0,40
930784800,85.0,41
930785786,542.0,40
930800140,346.0,39
930801200,284.0,35
930806912,189.0,40
930814638,1328.0,40
930829653,57.0,39
930833241,66.0,39
930878944,430.0,35
930880205,7.0,29
930888347,187.0,36
930903383,81.0,36
930909494,68.0,36
930995453,79.0,28
931009305,64.0,32
931010269,42.0,28
931015598,38.0,35
931029893,27.0,27
931042868,120.0,31
931050144,394.0,27
931051724,75.0,26
931057956,6.0,26
931086629,118.0,29
931090005,77.0,29
931098105,83.0,29
931099406,45.0,26
20564982,103.0,20
43447959,16.0,23
43467254,308.0,23
43648694,5.0,20
43682610,115.0,20
113573392,30.0,21
131623885,7262.0,91
131790756,205.0,69
131810938,22.0,68
161711227,8.0,16
161739329,16.0,18
201644028,8.0,18
202749756,36.0,16
202760310,102.0,16
203195763,123.0,16
203275291,6.0,16
205036346,32.0,15
205263777,56.0,15
221616250,27.0,33
222442433,9.0,39
222456238,129.0,39
222474769,113.0,36
222480896,57.0,36
222606511,47.0,24
222736249,81.0,36
222755963,32.0,36
222840188,71.0,35
223886361,4.0,18
230341990,321.0,23
230487205,12.0,20
231260899,14.0,58
231352000,907.0,94
231352001,529.0,84
231352026,87.0,80
231352034,54.0,74
231352043,25.0,77
231352047,44.0,57
231352049,39.0,57
231352052,274.0,57
231352093,77.0,15
231352095,305.0,67
231352120,10.0,73
231352242,4.0,90
231352255,158.0,84
231352269,287.0,87
231352289,1655.0,85
231352298,1186.0,80
231352349,397.0,79
231352509,295.0,71
231352558,49.0,80
231352579,37.0,81
231352588,97.0,42
231352676,317.0,90
231355180,133.0,62
231360863,74.0,77
231365154,208.0,98
231365179,146.0,38
231365196,121.0,81
231365361,59.0,68
231365388,10990.0,79
231365983,154.0,73
231370444,379.0,88
231370501,1806.0,94
231370508,302.0,75
231381030,141.0,76
231381459,178.0,82
231384936,147.0,72
231389397,145.0,79
231392700,259.0,76
231399588,89.0,50
231409706,41.0,68
231417505,75.0,66
231425036,558.0,81
231438083,578.0,63
231440112,169.0,51
231465632,53.0,68
231500085,3692.0,65
231504706,105.0,62
231505095,606.0,67
231507837,96.0,73
231548101,293.0,76
231552261,30.0,51
231556045,1073.0,31
231584971,248.0,61
231629016,596.0,58
231629970,230.0,58
231637212,31.0,58
231644377,193.0,56
231655375,361.0,57
231663603,382.0,56
231683461,21.0,54
231686634,570.0,29
231688231,0.0,41
231695361,75.0,52
231699851,41.0,53
231731998,15.0,52
231747032,98.0,68
231855655,6.0,50
231885448,21.0,49
231897941,75.0,46
50258803,128.0,81
50258924,183.0,79
50259003,556.0,76
50259005,383.0,78
50259110,247.0,97
50260678,253.0,87
50262712,32.0,84
50262713,333.0,103
50264532,87.0,94
50265675,360.0,79
50267451,143.0,70
50272278,121.0,80
50276059,353.0,67
50281572,47.0,64
50301553,125.0,71
50343046,123.0,51
50377867,48.0,43
50395601,276.0,40
50498502,45.0,24
50503326,9.0,23
50503407,132.0,22
56016675,53.0,58
134283582,9.0,17
135661832,703.0,82
136144356,778.0,14
222485332,457.0,30
222547262,193.0,38
222700013,63.0,35
222951612,104.0,33
223031765,89.0,32
237063084,476.0,52
135562163,156.0,67
200031928,15.0,18
200310400,107.0,18
202671674,14.0,16
203524141,99.0,17
205628911,63.0,16
237061916,73.0,52
237111696,22.0,51
251828488,121.0,23
263717278,40.0,13
510194013,66.0,46
570314372,135.0,81
570314377,41.0,74
570314378,212.0,17
570314389,479.0,72
570314396,236.0,67
570314418,632.0,38
570314424,671.0,85
570314427,36.0,57
570314440,14.0,57
570314450,35.0,57
570323047,183.0,67
570323800,110.0,81
570324927,1182.0,88
570327870,11.0,49
570342978,566.0,80
570360058,16.0,66
570360086,28.0,66
570361503,68.0,66
570362065,80.0,3
570362066,263.0,46
570368721,34.0,66
570405847,35.0,41
570422667,21.0,60
570425826,348.0,64
570481019,15.0,58
570510602,26.0,54
570511977,44.0,47
570531378,24.0,51
570558692,13.0,49
570564993,274.0,29
570567186,12.0,66
570624421,24.0,47
570653452,65.0,45
570657549,347.0,45
570660848,194.0,44
570680248,51.0,43
570717334,17.0,41
570724845,98.0,40
570725560,143.0,40
570751835,242.0,38
570761297,15.0,38
570786119,22.0,37
570793960,1634.0,35
570802283,58.0,36
570811876,116.0,36
570827063,89.0,35
570840667,86.0,35
570844123,78.0,35
570849669,44.0,35
570855205,15.0,34
570862226,43.0,34
570881347,153.0,32
570887278,218.0,33
570915384,11.0,31
570939280,41.0,30
570959206,125.0,30
570986224,240.0,28
570988275,16.0,28
571013857,77.0,27
571029802,8.0,26
571055054,46.0,26
571077940,22.0,23
571116978,263.0,21
576000192,27.0,76
576000563,118.0,73
576000973,211.0,80
576007869,79.0,60
576020250,37.0,59
576021863,258.0,57
576027750,180.0,55
582453349,340.0,23
621636128,20.0,26
752470543,40.0,29
237062273,60.0,52
237112391,5.0,51
237266823,161.0,49
237310698,53.0,49
363293534,261.0,38
363296431,53.0,33
460220678,1048.0,73
460224599,51.0,57
460225021,47.0,80
460233701,145.0,65
460239786,255.0,57
460259754,79.0,63
460277778,53.0,58
460306352,20.0,28
460350319,263.0,43
460359776,52.0,41
460375953,111.0,38
460387495,52.0,18
460398115,5777.0,34
460401462,62.0,33
460410933,63.0,35
460414390,282.0,31
460417196,39.0,76
460456528,153.0,22
460460742,3.0,19
466017026,25.0,55
731630215,628.0,19
840563440,82.0,56
954570304,7.0,26
131766596,152.0,68
135643799,2208.0,66
201198064,32.0,18
201368997,42.0,17
201374884,12.0,17
202216228,24.0,17
203144206,1.0,15
204023482,353.0,16
237005188,159.0,53
237056024,31.0,52
237110635,55.0,17
237122193,43.0,51
237236155,133.0,49
237236238,101.0,46
237348136,48.0,48
264477567,51.0,13
311736706,3.0,21
320011220,117.0,19
330361836,9.0,11
351044585,58483.0,42
351790297,9.0,31
362004402,80.0,46
362212715,39.0,67
362284267,237.0,49
364630658,20.0,13
432001774,98.0,19
452424130,325.0,11
481266314,25.0,20
510180178,24.0,46
540613105,27.0,64
561010742,201.0,48
562483082,9.0,17
580669998,25.0,67
581260812,53.0,46
581322015,16.0,44
581341880,34.0,43
581375506,81.0,43
581394456,37.0,42
581450139,297.0,41
581475675,25.0,40
581484027,348.0,39
581502697,23.0,40
581527254,23.0,38
581605736,71.0,37
581607228,40.0,36
581636286,648.0,27
581652023,100.0,28
581661267,11.0,36
581716113,573.0,35
581723645,9243.0,32
581730035,35.0,35
581745787,133.0,35
581799549,3.0,34
581830327,30.0,33
581867940,113.0,32
581930303,101.0,31
581933629,76.0,31
581947641,33.0,31
581976599,0.0,30
582050089,95.0,29
582207247,50.0,20
582666820,8.0,19
593735653,48.0,20
611555718,43.0,13
620418732,141.0,50
620452960,17.0,55
620475671,27.0,57
620475677,95.0,80
620475701,64.0,80
620475702,117.0,80
620475743,258.0,75
620475747,229.0,80
620475748,441.0,62
620476243,1246.0,54
620476656,62.0,41
620476811,114.0,57
620476819,91.0,51
620477728,380.0,18
620477729,232.0,57
620479368,13.0,57
620481461,52.0,87
620499284,139.0,67
620511893,410.0,34
620512078,86.0,58
620523361,27.0,66
620533104,466.0,47
620540402,75.0,68
620541811,262.0,71
620548038,112.0,75
620548418,346.0,69
620550979,925.0,74
620557179,55.0,65
620565962,328.0,65
620566419,150.0,64
620582571,36.0,28
620590257,28.0,54
620627919,20.0,51
620627921,533.0,60
620646371,232.0,58
30433949,579.0,20
43298538,37.0,26
43815107,57.0,16
61722171,33.0,18
113769438,292.0,15
133444882,25.0,29
135613797,16134.0,73
141631995,723.0,40
141865897,29.0,18
161680978,64.0,19
200014500,91.0,19
200106847,19.0,19
200583415,41.0,18
200638718,98.0,18
200942434,10.0,16
201384253,44.0,17
201951465,457.0,17
203060929,22.0,16
203645945,18.0,15
204119317,5577.0,16
208964096,66.0,12
221508812,0.0,47
232785411,61.0,25
237044950,863.0,52
237080936,127.0,51
237112088,58.0,51
237164673,189.0,50
237202594,141.0,48
237281987,10.0,49
237296260,95.0,49
237307276,40.0,48
237319371,137.0,49
237375815,1087.0,48
237433923,195.0,47
237454254,26.0,47
260020294,57.0,20
262414132,1714.0,14
262450109,187.0,13
262887967,612.0,13
264829432,14.0,12
271206961,33.0,12
271600444,54.0,11
271850918,76.0,11
300148195,98.0,18
311548849,20.0,25
320033325,288.0,17
330845930,197.0,23
341827209,51.0,25
352203762,183.0,19
362680478,11.0,52
363289672,28.0,13
363719712,264.0,27
371511251,17.0,16
412046295,67.0,19
412160803,11.0,17
421560745,13.0,19
450536344,126.0,14
470902114,72.0,18
473730147,364.0,7
510151514,225.0,47
510183054,123.0,46
510187823,504.0,46
510210369,26.0,45
510236530,192.0,47
521706526,30.0,31
521937154,111.0,26
561784846,7.0,29
562326843,53.0,19
611457145,30.0,18
626046138,147.0,57
650628064,46.0,26
651259379,135.0,16
731011191,10.0,44
731634145,1823.0,20
740896285,17.0,41
741036131,2435.0,74
741093771,135.0,73
741100163,507.0,56
741109654,143.0,81
741109655,18266.0,66
741109662,252.0,80
741109733,480.0,76
741109737,3183.0,60
741109750,6414.0,80
741117339,102.0,72
741117340,67.0,71
741132578,33.0,51
741143057,247.0,57
741143068,63.0,38
741143076,880.0,72
741146784,24.0,82
741152599,837.0,81
741153957,116.0,28
741156430,53.0,73
741167964,1024.0,62
741168038,23.0,25
741168918,285.0,87
741168923,108.0,59
161402497,20.0,30
237147797,1527.0,51
237177264,85.0,50
311617816,13.0,23
391509336,71.0,35
431536498,29.0,31
510145980,499.0,47
742386043,223.0,36
742392822,60.0,36
742494806,19.0,34
770222786,121.0,28
841369453,334.0,24
841420029,465.0,25
841426573,176.0,24
846030639,104.0,58
850358519,28.0,34
870212453,345.0,63
870212465,415.0,57
870212467,117.0,85
870221537,10.0,83
870224251,168.0,50
870225875,55.0,28
870227091,338.0,80
870256350,106.0,61
870264274,130.0,59
870288909,174.0,52
870295751,24.0,49
870299521,34.0,47
870367185,8.0,39
870368808,81.0,41
870428873,12.0,36
870452977,128.0,34
870477049,83.0,41
870481456,12.0,31
870490211,28.0,29
870491420,63.0,35
870491952,39.0,30
870498252,144.0,29
870513186,4.0,27
870569356,155.0,24
870620048,2.0,22
870643778,138.0,22
870651075,176.0,22
870659915,27.0,22
870660689,11.0,22
870675404,46.0,6
876125177,55.0,69
942851681,21.0,40
942936961,201.0,38
943025807,289.0,24
30162865,147.0,43
30179306,742.0,96
30179307,54.0,79
30179436,528.0,73
30179602,101.0,79
30184732,69.0,79
30185292,31.0,94
30217229,72.0,56
30221018,20.0,54
30222941,234.0,53
30223731,68.0,52
30228985,8.0,50
30229347,550.0,49
30231665,90.0,49
30259051,317.0,47
30277052,218.0,42
30277908,97.0,41
30281195,103.0,40
30285606,103.0,38
30326293,92.0,31
30347288,198.0,27
30358029,149.0,24
30362926,149.0,23
43387268,116.0,24
43429794,16.0,24
222970343,117.0,33
223021942,362.0,32
223260420,49.0,28
237236312,83.0,42
510201160,138.0,46
841671995,27.0,16
943165716,108.0,30
112779073,26.0,36
131610451,1086.0,68
131614906,107.0,72
131623888,1471.0,30
131635294,820.0,88
131669975,584.0,70
131691693,39.0,68
131846366,750.0,72
131932384,167.0,61
132626135,756.0,53
133048373,43.0,47
133170827,99.0,39
133271855,1003.0,32
133292137,3.0,37
133500609,607.0,33
133708596,5.0,29
133905508,619.0,25
135562161,221.0,100
136161225,252.0,62
200220263,18.0,18
201622436,9.0,17
201687786,91.0,18
201782011,25.0,16
202751460,24.0,16
203021444,2264.0,16
203973151,8.0,16
205050449,23.0,16
205182295,37.0,16
205350994,53.0,15
205744808,464.0,15
208932952,3.0,15
221905062,1491.0,27
233042456,14.0,22
237002632,21.0,53
237009135,6884.0,52
237011544,939.0,53
237042029,928.0,53
237061145,396.0,22
237112328,21.0,51
237185836,322.0,50
237375346,221.0,60
237380491,92.0,47
237380563,370.0,37
237423496,25.0,48
237447812,392.0,46
260086305,432.0,18
261492375,25.0,13
263302837,48.0,13
310898802,105.0,45
311618642,256.0,23
311620682,321.0,24
311667995,1079.0,23
311726923,38.0,22
311728910,1155.0,22
311801931,493.0,20
346610067,253.0,53
351985485,30.0,26
352222262,20.0,18
363274346,299.0,35
363350532,68.0,37
366101090,25.0,31
381612715,307.0,50
411678336,132.0,27
412172043,3.0,17
412222581,77.0,15
416038600,109.0,63
421764425,67.0,14
431201653,399.0,42
464868482,159.0,8
470865426,117.0,20
470902295,179.0,19
480891418,38.0,42
510144922,99.0,16
510205333,2861.0,45
510211913,62.0,45
510220694,68.0,44
510226448,31.0,44
510232459,891.0,43
510232804,26.0,43
510235174,293.0,35
510243196,1207.0,42
510255908,825.0,41
520140979,64.0,45
520899384,80.0,36
520910325,95.0,51
521095066,52.0,42
521149668,116.0,43
521194546,67.0,42
521202644,221.0,41
521218336,386.0,41
521219783,267.0,41
521238026,210.0,40
521238301,31.0,40
521241126,78.0,39
521241765,39.0,40
521250860,13.0,40
521256563,76.0,39
521257702,61.0,40
521267484,4.0,37
521272309,338.0,39
61664153,77.0,19
200351801,7.0,18
200384893,32.0,17
202601035,26.0,17
203829742,111.0,16
204074712,22.0,16
204457248,31.0,16
205664575,86.0,16
205717831,0.0,14
237052537,223.0,52
237173826,336.0,20
237203753,74.0,47
237328597,5.0,49
270183255,192.0,13
273455389,10.0,11
311654076,529.0,23
311746269,15.0,21
453531020,7.0,11
510172421,50.0,32
510183051,206.0,46
521833599,52.0,24
562600599,98.0,16
810661745,6.0,15
910282060,541.0,50
910402430,219.0,82
910482710,2622.0,80
910482890,1963.0,86
910532600,580.0,17
910549511,351.0,36
910564954,86.0,57
910565014,233.0,82
910565026,234.0,80
910565537,368.0,80
910565555,795.0,69
910567261,180.0,99
910569878,440.0,57
910569880,251.0,76
910570788,29.0,69
910577128,244.0,80
910577487,122.0,76
910580853,30.0,45
910583891,191.0,3
910586924,8.0,69
910604913,115.0,28
910606058,31.0,69
910606507,81.0,68
910607513,59.0,78
910613583,55.0,85
910623990,42.0,67
910640788,3560.0,88
910650669,137.0,69
910673185,49.0,63
910682177,59.0,63
910686012,1039.0,74
910697444,696.0,58
910713462,14.0,63
910714632,67.0,68
910728353,114.0,59
910750867,392.0,58
910755705,11.0,58
910756535,113.0,57
910759124,124.0,57
910760426,761.0,58
910776451,256.0,68
910780146,53.0,59
910785826,2920.0,57
910787792,22.0,57
910825232,62.0,28
910826037,588.0,47
910828499,54.0,52
910833015,36.0,53
910839385,78.0,36
910839644,52.0,53
910840528,82.0,58
910849093,128.0,53
910858312,12.0,14
910897129,183.0,49
910900134,95.0,42
910917079,262.0,47
910962383,67.0,46
910963132,86.0,46
910964027,17.0,16
910974503,55.0,46
910982879,15.0,45
910996619,13.0,45
911012131,109.0,44
911047900,29.0,44
911048245,5.0,43
911061043,410.0,41
911061721,79.0,43
911081983,37.0,43
911085999,73.0,43
911090450,569.0,42
911107537,504.0,42
911122621,2498.0,42
911123302,28.0,41
911140642,883.0,41
911144119,68.0,41
911157127,2836.0,40
201614712,13.0,17
310887133,3035.0,46
526046689,286.0,72
540618244,36.0,26
550339426,17.0,59
550357013,103.0,49
550372921,226.0,74
550402755,24.0,64
550421431,81.0,63
550462065,21.0,50
550562858,6.0,57
550625915,53.0,38
550631935,184.0,36
550702401,1174.0,31
556000896,69.0,59
556024725,33.0,51
201075143,12.0,17
201112663,55.0,13
201257939,54.0,16
202787890,17.0,16
204179749,26.0,16
208036372,38.0,14
237281696,13.0,45
237300462,271.0,49
237363536,125.0,48
237366713,95.0,48
311739040,12.0,21
341246311,64.0,44
362171714,665.0,37
362781629,74.0,59
390806190,614.0,80
390806191,485.0,80
390806253,132.0,77
390806269,35.0,72
390806277,53.0,85
390806285,23.0,51
390806292,638.0,80
390806299,54.0,72
390806301,15.0,80
390806312,2752.0,75
390806316,1517.0,85
390806321,70.0,82
390806335,95.0,57
390806339,161.0,80
390806349,83.0,80
390806446,1792.0,85
390808471,40.0,69
390808491,1944.0,77
390810533,315.0,81
390817532,249.0,71
390826295,257.0,28
390831152,68.0,47
390848188,35.0,68
390863391,260.0,69
390901265,159.0,65
390912895,158.0,57
390921093,345.0,66
390935496,45.0,63
390946025,431.0,65
390958257,147.0,66
390975374,38.0,59
391017647,106.0,58
391017908,35.0,59
391018155,124.0,73
391038707,11.0,57
391052471,271.0,56
391077783,13.0,47
391085180,919.0,61
391098132,59.0,54
391098146,106.0,54
391102434,18.0,52
391134735,247.0,52
391176591,71.0,40
391187711,606.0,49
391222279,19.0,46
391225709,256.0,45
391231819,58.0,45
391238290,34.0,46
391239687,34.0,46
391268238,65.0,45
391269698,63.0,45
391270290,97.0,45
391280969,40.0,41
391302520,240.0,44
391303430,7.0,44
391342659,34.0,42
391345847,335.0,41
391357247,45.0,42
391360778,95.0,33
391372545,8.0,41
391383497,156.0,41
391384593,255.0,41
391393216,14.0,67
391413448,29.0,40
391414754,4.0,39
391415070,136.0,36
391420941,67.0,13
391433107,380.0,39
391441770,53.0,39
391484945,33.0,38
391490691,262.0,38
391502732,14.0,37
391509253,29.0,37
391543541,158.0,33
391548450,3917.0,36
391572034,185.0,35
391572168,81.0,35
391579813,10.0,33
391590212,87.0,35
391592769,165.0,35
391601307,2.0,41
391655790,156.0,28
391656073,25.0,28
391667442,22.0,27
391690041,34.0,31
391691578,536.0,31
201829529,47.0,17
237034152,206.0,52
237060727,114.0,52
742431071,443.0,36
830180403,1366.0,83
830181315,8.0,64
830186435,10.0,63
830219163,526.0,48
830232680,8.0,45
830233314,34.0,45
830245647,24.0,42
830259411,66.0,39
830287513,1849.0,33
830306118,80.0,28
830314362,283.0,3
830322668,158.0,24
660269222,196.0,51
660529880,11.0,12
660566096,28.0,22
660470703,184.0,30
